<?xml version="1.0" encoding="ISO-8859-1" ?>
<Questionaire Name="Knobbel" ID="20013" COUNT="6">
	<Screen Title="geen" Code="__dummy" ID="20064" COUNT="0">
		<Text> <![CDATA[ ]]> </Text>
	</Screen>
	<Screen Title="Vraag 1" Code="Vraag 1" ID="20074" COUNT="1">
		<Text> <![CDATA[Belangrijk voor uw verdere ontplooing!]]> </Text>
		<Question Type="4" ID="20083" COUNT="4">
			<Text> <![CDATA[Wat is de som van de cijfers van de uitkomst op de vraag: hoeveel is 234 + 584?]]> </Text>
			<Explanation> <![CDATA[]]> </Explanation>
			<Answer ID="20190" Code="818">
				<Text> <![CDATA[818]]> </Text>
</Answer>
			<Answer ID="20191" Code="808">
				<Text> <![CDATA[808]]> </Text>
</Answer>
			<Answer ID="20192" Code="350">
				<Text> <![CDATA[350]]> </Text>
</Answer>
			<Answer ID="20193" Code="17">
				<Text> <![CDATA[17]]> </Text>
</Answer>
		</Question>
		<Question Type="5" ID="blabla" COUNT="4">
			<Text> <![CDATA[kies wat leuks]]> </Text>
			<Explanation> <![CDATA[]]> </Explanation>
			<Answer ID="20190" Code="818">
				<Text> <![CDATA[818]]> </Text>
</Answer>
			<Answer ID="20191" Code="808">
				<Text> <![CDATA[808]]> </Text>
</Answer>
			<Answer ID="20192" Code="350">
				<Text> <![CDATA[350]]> </Text>
</Answer>
			<Answer ID="20193" Code="17">
				<Text> <![CDATA[17]]> </Text>
</Answer>
		</Question>

	</Screen>
	<Screen Title="Vraag 2" Code="Vraag 2" ID="20076" COUNT="1">
		<Text> <![CDATA[De ultieme test : doe het goed!]]> </Text>
		<Question Type="4" ID="20085" COUNT="5">
			<Text> <![CDATA[Bepaal de uitkomst van de volgende som :\r\nHoeveel is 1/16 gedeeld door 1/16 ?]]> </Text>
			<Explanation> <![CDATA[]]> </Explanation>
			<Answer ID="20195" Code="0.0625">
				<Text> <![CDATA[1/16]]> </Text>
</Answer>
			<Answer ID="20196" Code="16">
				<Text> <![CDATA[16]]> </Text>
</Answer>
			<Answer ID="20198" Code="1">
				<Text> <![CDATA[1]]> </Text>
</Answer>
			<Answer ID="20200" Code="0.0312">
				<Text> <![CDATA[1/32]]> </Text>
</Answer>
			<Answer ID="20202" Code="256">
				<Text> <![CDATA[256]]> </Text>
</Answer>
		</Question>
	</Screen>
	<Screen Title="Tataaa!!!!!!" Code="Tata!!!!!!" ID="20078" COUNT="0">
		<Text> <![CDATA[De ultieme wetenschapsquiz / test!!!]]> </Text>
	</Screen>
	<Screen Title="Conclusie" Code="Conclusie" ID="20082" COUNT="0">
		<Text> <![CDATA[Hieronder de totaal score van deze quiz /test]]> </Text>
	</Screen>
	<Screen Title="Tijd" Code="Tijd" ID="20097" COUNT="0">
		<Text> <![CDATA[Uw tijd is om... (borrelnootje)]]> </Text>
	</Screen>
</Questionaire>
